{"cameraMode":{"drawMode":0,"name":"Shaded","section":"Shading Mode"},"sceneLighting":true,"audioPlay":false,"sceneViewState":{"showFog":true,"showMaterialUpdate":false,"showSkybox":true,"showFlares":true,"showImageEffects":true,"showParticleSystems":true},"in2DMode":false,"pivot":{"x":312.23907470703127,"y":309.8270263671875,"z":15.48018741607666},"rotation":{"x":0.022125359624624254,"y":0.07550662755966187,"z":0.0016758297570049763,"w":-0.9968984127044678},"size":971.9411010742188,"orthographic":false}