{"cameraMode":{"drawMode":0,"name":"Shaded","section":"Shading Mode"},"sceneLighting":true,"audioPlay":false,"sceneViewState":{"showFog":true,"showMaterialUpdate":true,"showSkybox":true,"showFlares":true,"showImageEffects":true,"showParticleSystems":true},"in2DMode":false,"pivot":{"x":16.344146728515626,"y":-8.994905471801758,"z":30.661012649536134},"rotation":{"x":-0.18615998327732087,"y":-0.277219295501709,"z":0.05484270304441452,"w":-0.9410028457641602},"size":43.25049591064453,"orthographic":false}